"hash","name","signature","note"
"004EC070","AnimTrigger_ParseConfigFile","void AnimTrigger_ParseConfigFile(uint* path)","Name from igi.exe error string INSIDE this function: ""AnimTrigger_ParseConfigFile(): Couldn't load script: %s"" @0x54DB98. Parses an animtrigger config file into trigger entries."
"004B83D0","Qvm_Cleanup","void Qvm_Cleanup(void* qvm)","Frees a loaded QVM script object: reads qvm+0x8C and releases the program block when non-zero. Param: qvm = pointer from Qvm_Load. Pair with Qvm_Load to avoid leaks."
"004F0CF0","Config_Compile","int Config_Compile(int context, char* cfgName, int flags)","Compiles a CONFIG script: validates context, then loads its compiled QVM via QvmLoad (0x4B80B0); references the Task_New name during task-table wiring. Params: context = config context id, cfgName = config path/name, flags = compile flags. Use when (re)loading game configuration programmatically."
"00405850","Config_Read","int Config_Read(char* cfg_file)","Read game config file, Params:  File: 'LOCAL:config.qsc'"
"00405BD0","Config_Write","void Config_Write(char* cfg_file)","Write game config file, Params: File: 'LOCAL:config.qsc'"
"00415AB0","Game_CutsceneDelete","void Game_CutsceneDelete(void)","Deletes/ends the running cutscene and frees its resources. Takes no args. | OUTRO USAGE: each level OBJECTS.QVM ends with a ConditionalContainer Task_New named ""Outro cutscene"" (condition e.g. ""AreaActivate_156.nActive && !HumanPlayer_0.isDead"") that calls MenuManager_SetEnabled(FALSE)+Game_DisableMusic()+THIS FUNCTION before playing the exit CutScene (e.g. CutScene_2222 heli escape), then restores menus/music on finish. TO REMOVE OUTROS: either patch that container condition to FALSE per OBJECTS.QVM, or hook CutScene_TaskUpdate 0x4F51D0 to complete instantly (generic - kills intro+outro in all levels). LEVEL4 example verified via OpenIGI QvmDisasm."
"004AF7B0","Error_Show","void Error_Show(char* format, ...)","Shows a fatal-error dialog: printf-style FORMAT STRING + variadic args (e.g. push ""Level_Load(): Couldn't load script: %s""; push scriptPath; call). Param: format = printf-style string, followed by substitution args. Variadic - proven by retail call sites (add esp,8 cleanup) and vsprintf helper fcn.004A5702."
"00402820","Frames_Set","void Frames_Set(int frames)","Set game frames, Params: 30,60 max 240FPS."
"00408350","GameMaterial_LoadParameters","void GameMaterial_LoadParameters(void)","Name from igi.exe error string inside function: ""GameMaterial_LoadParameters: Couldn't load script \""%s\"""". Loads game-material parameters from its script."
"00403B70","Config_ResetGraphicOptions","void Config_ResetGraphicOptions()","Resets graphic options to FACTORY DEFAULTS - machine-verified field writes: width=0x280 (640), height=0x1E0 (480), plus clearing adjacent flag bytes on the profile record. Takes no script args. Registered by igi.exe as ""Config_ResetGraphicOptions"" (site 0x40352B) and called by retail MAINMENU.QVM. Use to restore 640x480 defaults programmatically."
"004F9FF0","Graph_Open","void Graph_Open(uint level,char* graph_str)","Open graph of level,Params: with str 'Graph4019.dat'"
"004137A0","HumanPlayer_LoadParameters","void HumanPlayer_LoadParameters(void)","Name from igi.exe error string inside function: ""HumanPlayer_LoadParameters: Couldn't load script \""%s\"""". Loads humanplayer parameters (weapons/ammo/cycle definitions) from script."
"004157D0","Game_DisablePlayerInput","void Game_DisablePlayerInput(void)","Disables ALL player input (keyboard+mouse) - used by cutscenes/menus. Re-enable with Game_EnablePlayerInput."
"00415830","Game_EnablePlayerInput","void Game_EnablePlayerInput(void)","Re-enables player input after Game_DisablePlayerInput. Takes no args."
"004BBC30","Log_Add","void Log_Add(char* format, ...)","Appends a formatted line to the engine log (variadic printf-style, giant 0x400 format buffer at esp+0x404). Only logs when log-enabled globals 0xA43EC8/0xA43ED4 are set. Param: format = printf-style string + substitution args. Gate your spammy logs behind the enable flags."
"004F0E10","Level_LoadObjects","void Level_LoadObjects(int level_path,int level_len)","Loads all OBJECTS for the level: reads the level object set and instantiates each object entity in the world. Takes the level/path argument from the calling load script. Use during level-load flow before Level_Start. [Name corrected per retail analysis: was LevelLoad/LevelQuit/LevelRestart.]"
"00416550","Game_DeleteHandler","void Game_DeleteHandler(void)","The game's DELETE handler - runs when a level/game session is torn down (quit path), releasing entities and session state. Takes no args. Engine-internal teardown; do not call to 'quit' - it is the cleanup callback. [Name corrected per retail analysis: was LevelLoad/LevelQuit/LevelRestart.]"
"00416FE0","Game_Restart","void Game_Restart(void)","Restarts the CURRENT LEVEL/session: tears down and reloads the running game state (the Ctrl+F4-style restart path). Takes no args. Use to reset the mission without going back to menus. [Name corrected per retail analysis: was LevelLoad/LevelQuit/LevelRestart.]"
"00415B30","Level_Start","void Level_Start(int p1)","Start new level, Params:  p1: 0057BABC"
"00418B00","Menu_Manager","int* Menu_Manager(int p1,char *menu_str,char p3,char p4,int p5)","MenuManager load for inagame or Mainmenu,Params:  p1: 0057BABC ,p3,p4,p5: 0."
"00415A60","Game_DisableMusic","void Game_DisableMusic(void)","Stops the music engine. Takes no args."
"00415A10","Game_EnableMusic","void Game_EnableMusic(void)","Starts/resumes the music engine. Takes no args."
"00495F30","Music_SetSfxVolume","void Music_SetSfxVolume(float volume)","Sets the SFX bus volume feeding the music/sound mix path. Param: volume = float 0.0-1.0 scaled by global factor. Use for live SFX fade."
"00495E70","Music_SetVolume","void Music_SetVolume(float volume1,float volume2)","Sets BOTH music engine volumes (likely front/master pair) after scaling by the global music factor. Params: volume1, volume2 = floats 0.0-1.0 scaled against settings. Use for live music fades."
"004158E0","Game_UpdateVolume","void Game_UpdateVolume(void)","Applies current profile music/sfx volumes to the live audio engines. Takes no args."
"004EDFE0","PhysicsObjType_ParseConfigFile","void PhysicsObjType_ParseConfigFile(char* cfg_file)","Name from igi.exe error string inside function: ""PhysicsObjType_ParseConfigFile(): Couldn't load script"" @0x54DC7C. Parses a physicsobj type config."
"004B0D60","Qhash_Init","void Qhash_Init(char hash_val)","Init hash table value, Params: hash value 0 or 1."
"004B0D90","Qhash_Reset","void Qhash_Reset(void)","Reset QTask type hash table."
"004B8410","Qsc_Compile","int Qsc_Compile(char* qscPath)","Compiles a .qsc SCRIPT SOURCE into a .qvm binary: resolves the path (fcn_004B5B60), pulls the source through ResourceLoad (0x4B5F00), allocates a 0x94-byte compiler context via Mem_Alloc, emits "".qvm"" output. Param: qscPath = script source path. RETURNS result object/flag."
"004F0E90","Qtask_Update","void Qtask_Update(void)","Update QTask hash table call before loading level."
"00401B20","Qtask_UpdateList","void Qtask_UpdateList(int* p1)","Update all QTask list, Params: p1 ??"
"004BB270","QScript_Assemble","int QScript_Assemble(char* srcText, int srcLen2)","ASSEMBLER stage of the script pipeline: strips comments via regex ""{.*:(.*//)*}.*"", initialises the parser (""Initialising parser.""), generates assembly code and WRITES IT TO ""LOCAL:qvmbin.tmp"" (also referenced as /0qvmbin.tmp). Params: srcText = script source buffer, srcLen2 = secondary length/context arg. Returns assembly result."
"004B85B0","Qvm_Execute","int Qvm_Execute(void* qvm)","EXECUTES a loaded QVM script program (the interpreter entry - despite the old analyst label QvmRead). On runtime failure reports ""Error in QVM program: %s"" / ""An error occured in script file: %s"". Param: qvm = pointer from Qvm_Load. RETURNS script result value."
"004B80B0","Qvm_Load","int* Qvm_Load(char* qvmPath)","Loads a COMPILED .qvm script binary from the virtual filesystem (appends/selects "".qvm""; big 0x130 stack frame builds the script object). Param: qvmPath = path like ""LOCAL:common/ai/guard.qvm"". RETURNS pointer to the loaded QVM object, 0 on failure (calls engine debug-state check 0x48F1D0 first). Use before executing/attaching scripts."
"004BBCB0","QScript_ParseAndAssemble","int QScript_ParseAndAssemble(char* srcText, int options)","PARSE+CODEGEN driver: logs ""Parsing script and generating assembly code."", runs parser state globals (0xA442D0..), writes output (""Failed to open file '%s' for writing.""). Params: srcText = script source, options = parser option word. Part of the QscCompile pipeline feeding QScript_Assemble."
"004B63D0","Resource_Flush","void Resource_Flush(void* resEntry)","Flushes/finalizes ONE resource entry: walks the global resource list (0x943E38), matches entry+0x34 against the argument, errors ""Resource_Flush() : Couldn't locate resource at %p."" when absent. Param: resEntry = resource pointer/address to flush."
"004B5F00","Resource_Load","int* Resource_Load(char* resourcePath, char** outBuffer)","Loads a resource into memory WITH CACHE CHECK: first asks IsResourceLoaded (0x4B5B90); if cached returns the existing entry, otherwise loads and registers it. Params: resourcePath = virtual resource path, outBuffer = receives the data pointer. RETURNS resource entry pointer."
"004B6380","Resource_Unload","void Resource_Unload(int *resource_file)","Name from igi.exe error string inside function: ""Resource_Unload() : Resource '%s' is not loaded."" Unloads a resource by name/path."
"004B5B90","Is_ResourceLoaded","int Is_ResourceLoaded(char* resourcePath, char** outEntry)","Checks whether a resource path is ALREADY LOADED in the resource manager (walks path handling backslash 0x5C segments against the registry). Params: resourcePath = virtual path, outEntry = receives matching entry. RETURNS non-zero + fills outEntry when found. Resource_Load calls this first - use it to avoid double-loading."
"004B18B0","Resource_PackUnpack","int Resource_PackUnpack(char* resFile, char** outBuffer)","Opens a PACKED resource file via QFile_ReadWrite (0x4B1510, mode string at 0x53B604) and unpacks its contents through the pack table at 0x9436E8. Params: resFile = packed resource path, outBuffer = receives unpacked data. RETURNS entry/result pointer."
"004B16D0","Resource_Unpack","int Resource_Unpack(int* resPtr, int destAddr, int resSize)","Unpacks a loaded resource blob to a destination address. Params: resPtr = packed resource pointer, destAddr = destination memory address, resSize = bytes to unpack. RETURNS unpacked size/status."
"004F0E50","Script_Init","void Script_Init(char* file_name,int8_t p2,int p3,int8_t p4)","Initialises the script system for a file. Params: file_name = script path, p2 = byte flag (observed), p3 = int option, p4 = byte flag. Refined types from decompiled header (two int8_t slots detected)."
"004B8930","Script_SetSymbolContext","void Script_SetSymbolContext(byte *symbol_name,int** symbol_buf)","Name from igi.exe error string inside function: ""Script_SetSymbolContext(): Symbol not found: %s"". Sets the symbol context for subsequent script operations."
"00485AD0","StatusMessageScreen_ClearMessages","void StatusMessageScreen_ClearMessages(void)","Clears all on-screen status messages. Takes no args."
"00485970","StatusMessage_ShowFull","void StatusMessage_ShowFull(int timer, char* message, char* sprite, int styleByte)","Full-parameter status message: queues an on-screen HUD message with icon and styling (allocates via Mem_Alloc, reads current status word 0x540A8C). Params: timer = display duration, message = text, sprite = HUD sprite/icon ptr, styleByte = display style byte. Use MISC::STATUS_MESSAGE_SHOW wrapper for simple cases."
"004C0460","Symbol_Remove","int Symbol_Remove(int* symTable, char* symName)","Removes a symbol from the game-data symbol hash table; warns ""Unable to remove symbol \""%s\"" (not registered)"" when absent. Params: symTable = symbol table, symName = symbol name string. RETURNS non-zero on success. Call after dynamically registered symbols are no longer needed."
"004B8810","TaskType_Set","void TaskType_Set(int** taskDef, int taskTypeId)","Stores the TYPE ID onto a task definition structure (simple field write, verified 2-arg store). Params: taskDef = task definition object, taskTypeId = TASKTYPE_* enum value (TASKTYPE_GUN, TASKTYPE_BUILDING, etc. - full enum embedded in igi.exe .data)."
"004AF810","Warning_Show","void Warning_Show(char* format, ...)","Shows a warning dialog - printf-style variadic like ErrorShow (retail: push str.""QTasktype \""%s\""...""; push eax; call -> add esp,8). Param: format = printf-style string + substitution args."
"004071E0","Weapon_ConfigRead","int Weapon_ConfigRead(int context, char* cfgText)","Reads weapon configuration entries from parsed config text: repeated repne-scasb string scans + block copies populate weapon structures. Params: context = weapon system context, cfgText = config text buffer. Use within weapon definition parsing flows."
"004C0560","Symbol_CheckRegister","void* Symbol_CheckRegister(int* symTable, char* symName, int extra)","Checks a symbol and registers it if new - ERRORS via ErrorShow(""Symbol \""%s\"" already registered in hash table"") if the name ALREADY exists, so it doubles as duplicate protection. Params: symTable, symName, extra = registration payload/flags. RETURNS symbol entry or triggers the error dialog."
"004B8890","Game_DefineOptions","void Game_DefineOptions(int **option_str,int option_func_addr,int opt1,int opt2)","Define game options constants , Params: opt_str (int**)'DefineAmmoType'"
"004C0200","Script_BufInit","void Script_BufInit(int* outBuf1, int buf2, int buf3, int bufSize)","Initialises the four header fields of a SCRIPT BUFFER structure (verified field-by-field stores: *out=buf2, then buf3, bufSize...). Params: outBuf1 = buffer struct to init, buf2/buf3 = buffer pointers/ids, bufSize = size field. Call before handing a buffer to the QVM assembler/parsers."
"004E68D0","Sound_Load","void Sound_Load(char *sound_dir)","Load all level sounds from path , Params: Path of sound like 'MISSION:sounds'"
"004B0C60","Mem_Alloc","void* Mem_Alloc(int numBytes,int tag)","Engine heap allocator. Params: numBytes = bytes to allocate, tag = allocation bucket shown in the 'Total allocated by user' accounting. RETURNS pointer or 0 on failure (error text: 'Mem_Alloc() failed to allocate %d bytes'). Pair with MemoryDealloc/MemDealloc free path."
"004B0BE0","Mem_DeallocAll","void Mem_DeallocAll(void)","Deallocate allocated memory. Frees EVERY tracked heap block (walks allocation list via 0x4B0D10), then warns ""%d block(s) of memory have not been deallocated."" Takes no args - NOT a single-pointer free."
"00484E60","Mission_Open","void Mission_Open(char **ptr_file)","Name from igi.exe error string inside function: ""Mission_Open(): Couldn't load script: %s"". Opens a mission definition script and builds its task tree."
"004A5350","File_Open","void* File_Open(char* path, char* mode)","Low-level CRT-style file open used across the engine. Params: path = file path, mode = fopen-style mode string (""r"",""w"",""rb""...). RETURNS FILE* handle or 0. Prefer QFile_ReadWrite/QResource APIs unless you need raw stdio."
"004B1510","QFile_ReadWrite","void* QFile_ReadWrite(char* vpath, char* mode)","VIRTUAL-filesystem open: parses the device prefix from vpath (errors ""Illegal device name in path: \"" and ""Device not present: %s""), routes to the device handler chain (0x4B1620/0x4B1020/0x4B11A0) and returns a Q-file handle. Params: vpath = virtual path WITH device prefix (e.g. ""LOCAL:..."", ""MENU:""), mode = access mode. RETURNS handle or 0. This is the correct opener for LOCAL:/MISSION: paths."
"004C48E0","Rigid_DyncubeObjRead","void Rigid_DyncubeObjRead(uint *cfg_file)","Read rigid dynCube config file , Params: config file of rigid dynCube."
"004C4930","Magic_ObjLoad","void Magic_ObjLoad(char *path)","Loads magic objects from path, Params: Path 'LOCAL:magicobj'"
"004EC0C0","Anim_TriggerLoad","void Anim_TriggerLoad(char *path)","Loads anim trigger objects from path, Params: Path 'LOCAL:animtrigger'"
"004EE030","Physics_ObjLoad","void Physics_ObjLoad(char *path)","Loads physics objects from path, Params: Path 'LOCAL:physicsobj'"
"0047CAB0","Ammo_TypeOpen","void Ammo_TypeOpen(void)","Open ammo qvm file to memory for all weapons loaded."
"00413B70","Weapon_TypeOpen","void Weapon_TypeOpen(void)","Open all weapons defined in .qsc file for Humanplayer."
"004A53B3","Game_DataSymbolLoad","int Game_DataSymbolLoad(char* symBuf, char* symPath, char* symName)","Parses game-data SYMBOL DEFINITIONS from a buffer into the symbol table: tokenizes via 0x4A7720 with per-name limit 0x42 (66 bytes) and count cap 0x7FFFFFFF, null-terminates each parsed name. Params: symBuf = symbol buffer base, symPath = source path ref, symName = initial name entry. RETURNS parse status. Feeds the table that Symbol_Register*/GameData_SymbolRemove operate on."
"004B80A0","Game_DataSymbolRemoveThunk","void* Game_DataSymbolRemoveThunk(char* symBuf)","Thin remover for the game-data symbol table: forwards its single argument down the removal chain (verified pure thunk returning eax). Param: symBuf = symbol/buffer to unregister. Prefer this over direct internal calls."
"004B7EE0","SymbolRegister_Bool8","void* SymbolRegister_Bool8(int* table, char* name)","Registers a BOOL8-TYPED script variable slot in the game-data symbol table (2-arg typed thunk family; each sibling hardcodes its type size). Params: table = symbol table, name = variable name. RETURNS the registered symbol entry. Script code can then read/write it as a bool."
"004B7E80","SymbolRegister_Int16","void* SymbolRegister_Int16(int* table, char* name)","Registers an INT16-typed script variable slot. Params: table, name. RETURNS symbol entry. Sibling of SymbolRegister_Bool8/Int32/Real32 - same thunk shape, different type tag."
"004B7FA0","SymbolRegister_Int32","void* SymbolRegister_Int32(int* table, char* name)","Registers an INT32-typed script variable slot. Params: table, name. RETURNS symbol entry. This is the common integer script-variable registration used by AI/game scripts."
"004B7FC0","SymbolRegister_Real32","void* SymbolRegister_Real32(int* table, char* name)","Registers a REAL32 (float)-typed script variable slot. Params: table, name. RETURNS symbol entry. Pairs with AIFunction_Set/GetScriptRealValue for float storage."
"0048A440","LoadingScreen_Show","void LoadingScreen_Show(int picVariant)","Shows the LOADING SCREEN: allocates a 0x1C-byte screen object, queries the active display mode (0x491CF0), and loads ""LOCAL:menusystem/loadingscreen.res"" with picture ""LOCAL:menusystem/loading.pic"" - or ""loading_us.pic"" for USA country builds. Param: picVariant = loading-screen type selector. Call before long loads so the player sees feedback."
"004BAAC0","Q_TaskHashTableSet","void Q_TaskHashTableSet(int** table, void* handler, int nameVal, int p4, int p5, int p6, int p7)","THE CORE REGISTRAR: inserts an entry into the task/hash table binding a name-value pair to a handler callback. All 7 stack args confirmed by disassembly header (arg_18h..arg_3Ch). Every SymbolRegister* thunk (e.g. 0x4B7EE0 pushes 1,1,0,1,addr,handler,table -> this) and every GAME_DEFINE_OPTIONS registration routes here. Params: table = target hash table, handler = callback invoked for the symbol, nameVal = name/value ref, p4-p7 = type/flag slots (see SymbolRegister thunks for known values)."
"00413BB0","Weapons_CountGet","int Weapons_CountGet()","RETURNS the number of weapons defined for the human player: reads global counter 0x57B18C (exactly `mov eax,[0x57B18C]; ret`). That counter is written by the DefineHumanPlayerWeaponCycle definition parser - so this reflects the current weapon-cycle list length. Use to bounds-check weapon indexes before Weapon_GunPickup-style calls."
"0045FFC0","Weapon_GunPickup","void Weapon_GunPickup(void* player, void* pickupEntity)","Gives a GUN pickup to the player: checks the player's already-carried flag (player+0xCF5), reads the weapon id from pickupEntity+8 -> word +0x1C, validates the weapon category via 0x401CF0, hands the weapon over (0x477BF0/0x477C50) and plays the 'weaponpickup_1' sound (0x47CE00/0x4E7200). Params: player = player/Human struct ptr, pickupEntity = the picked-up world entity. Use for custom weapon pickups."
"0045FF80","Weapon_AmmoPickup","void Weapon_AmmoPickup(void* player, void* pickupEntity)","Gives an AMMO pickup to the player (same struct conventions as Weapon_GunPickup: player carry-flags and pickup-entity fields drive the grant; plays the pickup sound). Params: player = player struct ptr, pickupEntity = ammo world entity. Use for custom ammo pickups."
"00416D80","Human_HitDamage","uint Human_HitDamage(void)","Reads the player XP/hit byte: returns byte [PlayerPtr+0xE1]. Takes no args. Documented alias of HUMAN_HIT_DAMAGE - same address."
"00463760","Human_ViewCam","void Human_ViewCam(void* human, int camValue)","Sets the human's VIEW-CAMERA selector: stores camValue into human struct offset +0x4F0 (verified: mov [ecx+0x4F0],eax; ret - 5-byte setter). Params: human = Human/soldier struct ptr, camValue = camera mode index. Use to switch a soldier's view/camera state directly."
"004659E0","Human_TaskViewReset","void Human_TaskViewReset(void* human)","Resets the human's VIEW TANGENT fields to retail defaults: computes tan() of the half-FOV globals 0x5335E8/0x5339C0 (the same globals ENHANCER::FOV_SET writes) and stores them into human+0x1E4 and human+0x1E8, clearing human+0x1EC. Param: human = Human/soldier struct ptr. This is THE retail restore path - call after custom FOV/binocular zoom to return to normal view."
"00406220","Config_GetActivePlayerProfileRecord","void* Config_GetActivePlayerProfileRecord()","RETURNS pointer to the ACTIVE PROFILE's graphic-options/config record: computed as 0xBC2388 + 0xD14*[0xBC2384] (verified against retail defaults-reset fcn.00403B70 which walks the same layout). Takes no args. Despite the historical name this returns a record pointer, not a bool. Old analyst name IsPlayerProfileActive was wrong - it returns the record pointer, not a bool."
"0045C440","Soldier_Execute","void Soldier_Execute(void* context, void* soldierPtr)","Executes/initializes a SOLDIER AI entity in the level. Params: context = task/context object (2nd arg is the soldier ptr - verified: esi=[esp+0x1C] after prologue). The function reads soldier-struct fields +0x800 (ptr), +0x4C4 and +0x254 (sub-object bases passed to spawner 0x4F2060), +0xD1C, then installs a per-soldier callback (0x45C700) into the created object at +0x14 and routes through 0x48A330. Referenced via soldier-task VTABLE at .data 0x53EC90 (not called directly). SOLDIER STRUCT LAYOUT (recovered from the 0x45C190-0x45CA50 vtable family): +0x68 name/string area; +0x254 patrol/waypoint sub-struct (field +0x94 used); +0x2EC param ptr slot; +0x33D flag byte; +0x4C4 object ref; +0x696 active/enable flag (0=off, 1=on); +0x800 ptr; +0xD0C id (0xFFFFFFFF = unset); +0xD14 dword; +0xD1C ptr. Sibling vtable methods: 0x45C190, 0x45C1C0, 0x45C2E0, 0x45C330, 0x45C5A0, 0x45C650, 0x45C750, 0x45C8B0, 0x45CA50 (same struct, enable/disable/reset semantics)."
"00402780","Flow_RequestEvent","void Flow_RequestEvent(int eventId)","Requests a flow-task event by id (drives the level's flow state machine). Param: eventId = flow event number used in the level flow script. Use from mission flow scripts to trigger scripted transitions. FLOW_EVENT enum: None=0, QUIT=1, INTRO=2, MAINMENU=3, GAME=4, RESTART_GAME=5 (events 6-8 exist internally but have no registered constants)."
"004036B0","GO_Player","int GO_Player(char* name)","Adds a player profile named 'name' to the config while a .cfg/GO script block is being read; subsequent GO_* settings apply to this profile. Param: name = profile display name (string). Use inside config/profile scripts, must come before that profile's GO_* settings. Returns 1."
"004037C0","GO_InRemap","int GO_InRemap(int key1, int key2, int action)","Adds one input binding (key remap) to the current profile. Params: key1 = primary key code, key2 = secondary key code, action = in-game action id being bound. Use in input/config scripts, repeat once per binding. Returns 1."
"00403870","GO_InMouInv","int GO_InMouInv(int invert)","Toggles inverted mouse-look for the current profile. Param: invert = 1 invert Y axis, 0 normal. Use in config scripts. Returns 1."
"004038E0","GO_InMouSens","float GO_InMouSens(float sensitivity)","Sets mouse sensitivity for the current profile. Param: sensitivity = float multiplier as saved by the options screen. Use in config scripts. Returns 1."
"00403950","GO_GfxDisp","int GO_GfxDisp(int displayMode)","Sets display-mode selection for the current profile. Param: displayMode = mode index from the retail display list (see Display_GetActiveMode/display table). Use in config scripts. igi.exe registers it with argc=3 at its site; the extra args go unused by the setter itself."
"00404010","GO_GfxDevice","int GO_GfxDevice(int deviceIndex)","Sets render-device (D3D device/GUID) selection for the current profile. Param: deviceIndex = index into the render-device list filled by Config_FillRenderDeviceListBox. Use in config scripts. Returns 1."
"00404080","GO_GfxGamma","int GO_GfxGamma(float gamma)","Sets gamma for the current profile. Param: gamma = float, retail default 1.0 (range ~0.5-3.0 clamped elsewhere). Use in config scripts. Returns 1."
"00403A00","GO_GameLang","int GO_GameLang(int language)","Sets game language for the current profile. Param: language = language index (retail ships English=0 and German builds use their own index). Use in config scripts. Returns 1."
"00403AC0","GO_GameDiff","int GO_GameDiff(int difficulty)","Sets game difficulty for the current profile. Param: difficulty = 0 easy, 1 medium, 2 hard (retail order). Use in config scripts. Returns 1."
"00403DF0","GO_IsBlood","int GO_IsBlood(int blood)","Toggles blood effects for the current profile. Param: blood = 1 on, 0 off. Use in config scripts. Returns 1."
"00403E60","GO_SoundSpeech","int GO_SoundSpeech(float volume)","Sets speech volume for the current profile. Param: volume = float 0.0-1.0. Use in config scripts. Returns 1."
"00403EF0","GO_SoundMusic","int GO_SoundMusic(float volume)","Sets music volume for the current profile. Param: volume = float 0.0-1.0. Use in config scripts. Returns 1."
"00403F80","GO_SoundFX","int GO_SoundFX(float volume)","Sets sound-effects volume for the current profile. Param: volume = float 0.0-1.0. Use in config scripts. Returns 1."
"004040F0","GO_GfxPerformance","int GO_GfxPerformance(int flags)","Sets graphics performance/detail flags for the current profile. Param: flags = bitmask from the detail-level mapping (see Config_GraphicOptionsGetPerfFlagsFromLevel). Use in config scripts. Returns 1."
"00403750","GO_ActiveMission","int GO_ActiveMission(int mission)","Sets the active (last-played) mission number for the current player profile. Param: mission = mission index 1..14. Use in profile/config scripts after GO_Player. Returns 1."
"00403C10","GO_ContentControlPW","int GO_ContentControlPW(char* password)","Config-writer form (argc=1): sets the content-control password while a config file is parsed. Param: password = string. Returns 1."
"00404FA0","Config_FillPlayerProfileListBox","void Config_FillPlayerProfileListBox()","Fills the current menu list box with all player profiles (name per row, row index = profile index). Use inside the profile-selection list box collect-items script."
"00405010","Config_GetActivePlayerProfileIndex","int Config_GetActivePlayerProfileIndex()","RETURNS the index of the currently-active player profile (0-based). Takes no arguments. Use whenever you need which profile is selected, e.g. before Config_DeletePlayerProfile."
"00405050","Config_SetActivePlayerProfileIndex","void Config_SetActivePlayerProfileIndex(int index)","Makes 'index' the active player profile. Param: index = 0-based profile index (must exist; see Config_GetNumberOfPlayerProfiles)."
"004050A0","Config_CreateNewPlayerProfile","int Config_CreateNewPlayerProfile(char* name, int sourceIndex)","Creates a new player profile. Params: name = new profile name (string), sourceIndex = existing profile index to copy initial settings from. RETURNS 1 on success, 0 on failure (e.g. name taken/slots full). Use on the create-profile screen."
"00405400","Config_DeletePlayerProfile","int Config_DeletePlayerProfile(int index)","Deletes a player profile. Param: index = 0-based profile index to delete. RETURNS 1 on success, 0 on failure. Do not delete the last remaining profile; refresh your list box afterwards."
"004057D0","Config_PlayerGetActiveMission","int Config_PlayerGetActiveMission(int profileIndex)","Returns the active (reached) mission number of ANY profile. Param: profileIndex = 0-based profile index. Use on the profile/mission screens to show progress without switching profiles."
"004054F0","Config_GetNumberOfPlayerProfiles","int Config_GetNumberOfPlayerProfiles()","RETURNS how many player profiles exist. Use to bounds-check indexes and to size profile lists."
"00405660","Config_FillMissionSelectionBox","void Config_FillMissionSelectionBox()","Fills the current menu list box with missions selectable for the active profile (respects unlocked progress). Use inside the mission-selection list box collect-items script."
"004056F0","Config_FillMissionPictureBox","void Config_FillMissionPictureBox()","Fills the current picture box with the selected mission's briefing image. Use inside the mission-picture control's script right after a mission row is chosen."
"00405760","Config_FillMissionTextBox","void Config_FillMissionTextBox()","Fills the current text box with the selected mission's briefing text. Use inside the mission-briefing text control's script."
"00404450","Config_FillScreenResolutionListBox","void Config_FillScreenResolutionListBox(int deviceIndex)","Fills the currently-active menu list box with the screen resolutions available for a device. Param: deviceIndex = render-device index. Use only inside a menu list box 'collect items' script so the items land in that control."
"004046A0","Config_FillRenderDeviceListBox","void Config_FillRenderDeviceListBox()","Fills the currently-active menu list box with installed render devices (Direct3D device GUIDs/names). Use inside a list box collect-items script on the video-options screen."
"004041D0","Config_GameOptionsInputGetInvertMouse","int Config_GameOptionsInputGetInvertMouse()","RETURNS the invert-mouse setting when the engine writes/reads a config game-options block (1 = inverted, 0 = normal). Takes no args. Pairs with Config_GameOptionsInputSetInvertMouse."
"00404290","Config_GameOptionsInputGetMouseSensitivity","int Config_GameOptionsInputGetMouseSensitivity()","RETURNS the stored mouse-sensitivity integer from the game-options config context. Takes no args."
"00404340","Config_GameOptionsInputGetBloodEnabled","int Config_GameOptionsInputGetBloodEnabled()","RETURNS the blood-enabled flag from the game-options config context (1/0). Takes no args."
"00404160","Config_GameOptionsInputSetInvertMouse","void Config_GameOptionsInputSetInvertMouse(int invert)","Sets invert-mouse in the GAME-OPTIONS block while a config file is parsed (the GO_* writer side; runtime getter/setter pair lives on the profile). Param: invert = 1 inverted, 0 normal. Use only inside config .qsc write-out contexts."
"00404230","Config_GameOptionsInputSetMouseSensitivity","void Config_GameOptionsInputSetMouseSensitivity(int value)","Sets mouse-sensitivity in the config game-options write-out context. Param: value = sensitivity as stored by the options screen (integer scale)."
"004042E0","Config_GameOptionsInputSetBloodEnabled","void Config_GameOptionsInputSetBloodEnabled(int blood)","Sets blood-enabled in the config game-options write-out context. Param: blood = 1 on, 0 off."
"00404510","Config_GraphicOptionsSetResolution","void Config_GraphicOptionsSetResolution(int modeIndex)","Applies a screen resolution to the active profile and re-initialises the display. Param: modeIndex = index from Config_FillScreenResolutionListBox entries. Use in the video-options screen script."
"00404960","Config_GraphicOptionsSetTransparency","void Config_GraphicOptionsSetTransparency(int onOff)","Toggles transparency for the active profile. Param: onOff = 1 enable, 0 disable. Video-options screen."
"004047F0","Config_GraphicOptionsSetDevice","void Config_GraphicOptionsSetDevice(int deviceIndex)","Applies a render device to the active profile. Param: deviceIndex = index from Config_FillRenderDeviceListBox. Use in video-options screen script."
"00404F00","Config_GraphicOptionsSetPerformanceFlags","void Config_GraphicOptionsSetPerformanceFlags(int flags)","Sets the raw graphics performance/detail flag bits on the active profile. Param: flags = bitmask (get a valid one from Config_GraphicOptionsGetPerfFlagsFromLevel)."
"004045B0","Config_GraphicOptionsGetResolution","int Config_GraphicOptionsGetResolution()","Returns the active profile's display-mode/resolution index (same index space as Config_GraphicOptionsSetResolution). Use in video-options UI scripts to preselect the current value."
"004049C0","Config_GraphicOptionsGetTransparency","int Config_GraphicOptionsGetTransparency()","Returns 1 if transparency is enabled for the active profile, else 0."
"00404710","Config_GraphicOptionsGetDevice","int Config_GraphicOptionsGetDevice()","Returns the active profile's render-device index (index into the device list). Use in video-options UI scripts."
"00404910","Config_GraphicOptionsGetGamma","float Config_GraphicOptionsGetGamma()","Returns the active profile's gamma as a float. Use to initialise your own gamma slider/UI."
"00404F60","Config_GraphicOptionsGetPerformanceFlags","int Config_GraphicOptionsGetPerformanceFlags()","Returns the active profile's graphics performance flag bitmask."
"004055C0","Config_GraphicOptionsGetPerfFlagsFromLevel","int Config_GraphicOptionsGetPerfFlagsFromLevel(int level)","Converts a detail LEVEL number into its performance-flag bitmask. Param: level = 0..Config_GraphicOptionsNumPerfLevels()-1. Use when the user picks a named detail preset."
"00405530","Config_GraphicOptionsGetPerfLevelFromFlags","int Config_GraphicOptionsGetPerfLevelFromFlags(int flags)","Converts a performance-flag bitmask back into its detail LEVEL number. Param: flags = bitmask from the profile/performance setting. Use to show the current detail level in UI."
"00405620","Config_GraphicOptionsNumPerfLevels","int Config_GraphicOptionsNumPerfLevels()","RETURNS the number of graphics detail levels the engine supports (constant). Use to build the detail-level slider/list."
"00404A10","Config_SoundOptionsSetSoundsEffects","void Config_SoundOptionsSetSoundsEffects(int onOff)","Enables/disables sound effects for the active profile. Param: onOff = 1 on, 0 off."
"00404AE0","Config_SoundOptionsSetSoundsEffectsVolume","void Config_SoundOptionsSetSoundsEffectsVolume(float volume)","Sets SFX volume for the active profile. Param: volume = float 0.0-1.0."
"00404B90","Config_SoundOptionsSetMusic","void Config_SoundOptionsSetMusic(int onOff)","Enables/disables music for the active profile. Param: onOff = 1 on, 0 off."
"00404C40","Config_SoundOptionsSetMusicVolume","void Config_SoundOptionsSetMusicVolume(float volume)","Sets music volume for the active profile. Param: volume = float 0.0-1.0 (pops a float arg - pass a float!)."
"00404CF0","Config_SoundOptionsSetSpeech","void Config_SoundOptionsSetSpeech(int onOff)","Enables/disables radio speech for the active profile. Param: onOff = 1 on, 0 off."
"00404DA0","Config_SoundOptionsSetSpeechVolume","void Config_SoundOptionsSetSpeechVolume(float volume)","Sets speech volume for the active profile. Param: volume = float 0.0-1.0."
"00404E50","Config_SoundOptionsSetReverseStereo","void Config_SoundOptionsSetReverseStereo(int onOff)","Toggles reversed stereo channels for the active profile. Param: onOff = 1 reverse, 0 normal."
"00404A90","Config_SoundOptionsGetSoundsEffects","int Config_SoundOptionsGetSoundsEffects()","Returns 1 if sound effects are enabled for the active profile, else 0."
"00404B40","Config_SoundOptionsGetSoundsEffectsVolume","float Config_SoundOptionsGetSoundsEffectsVolume()","Returns the active profile's SFX volume (0.0-1.0)."
"00404BF0","Config_SoundOptionsGetMusic","int Config_SoundOptionsGetMusic()","Returns 1 if music is enabled for the active profile, else 0."
"00404CA0","Config_SoundOptionsGetMusicVolume","float Config_SoundOptionsGetMusicVolume()","Returns the active profile's music volume (0.0-1.0)."
"00404D50","Config_SoundOptionsGetSpeech","int Config_SoundOptionsGetSpeech()","Returns 1 if speech is enabled for the active profile, else 0."
"00404E00","Config_SoundOptionsGetSpeechVolume","float Config_SoundOptionsGetSpeechVolume()","Returns the active profile's speech volume (0.0-1.0)."
"00404EB0","Config_SoundOptionsGetReverseStereo","int Config_SoundOptionsGetReverseStereo()","Returns 1 if stereo is reversed for the active profile, else 0."
"00403C10","Config_SetContentControlPassword","int Config_SetContentControlPassword()","Menu-script setter form (argc=0): same address registered twice by igi.exe - site 0x4034C1 pushes str ""Config_SetContentControlPassword"" -> registrar 0x4B8890. Password comes from the script context, not an explicit arg. Returns 1."
"00403C70","Config_GetContentControlPassword","char* Config_GetContentControlPassword()","RETURNS the stored content-control (parental lock) password string. Takes no args. Compare against user input or pass to Config_VerifyContentControlPassword."
"00403CC0","Config_VerifyContentControlPassword","int Config_VerifyContentControlPassword(char* password)","Checks a password attempt against the stored content-control password. Param: password = string to test. RETURNS non-zero when correct, 0 when wrong. Use before unlocking violent-content options."
"00403D90","Config_IsContentControlPasswordEnabled","int Config_IsContentControlPasswordEnabled()","RETURNS 1 if a content-control password is SET (parental lock active), else 0. Takes no args. Use to decide whether to ask for the password."
"00403B30","Config_IsGermany","int Config_IsGermany()","RETURNS 1 when running the GERMAN retail build (censored variant), 0 otherwise. Takes no args. German builds gate blood/gore - check before forcing such effects."
"00407E30","DefineQ_Material","void DefineQ_Material(...)","Defines a Q-material (surface material) entry while a material definition block is parsed. Called BY the engine's own define-block parser - call only from material .qsc definition contexts; arg layout follows the Define block grammar (registration argc unknown)."
"00407F50","Define_GameMaterial","void Define_GameMaterial(...)","Defines a GameMaterial entry during a game-material definition block (855-byte parser function). Call only from gamematerial .qsc definition contexts; arg layout follows the Define block grammar (registration argc unknown)."
"004101C0","Define_HumanPlayerWeaponCycle","void Define_HumanPlayerWeaponCycle(...)","Collects the weapon-cycle list for the human player: loops the parsed entries and stores them into the cycle table at 0x56DF1C with count at 0x56DF18 (verified in igi.exe). Call within a humanplayer weapon-cycle definition block; argc unknown (parser context)."
"00410240","Define_HumanPlayerWeaponCategory","void Define_HumanPlayerWeaponCategory(...)","Registers one weapon-category entry for the human player during a humanplayer definition block (argc unknown - parser context). Pairs with DefineHumanPlayerWeaponCycle/Cycle ordering."
"004102D0","Define_HumanPlayerAmmoLimit","void Define_HumanPlayerAmmoLimit(...)","Registers an ammo-limit entry (max carried ammo class) for the human player during a humanplayer definition block (argc unknown - parser context)."
"004151E0","MovieSubtitle_RegisterFont","void MovieSubtitle_RegisterFont(...)","Registers a font used by in-game movie subtitles (16 callsites in body; argc unknown - parser context). Call from subtitle/font definition blocks before any MovieSubtitle_RegisterText that uses it."
"00415260","MovieSubtitle_RegisterText","void MovieSubtitle_RegisterText(...)","Registers one subtitle text entry (string + timing) shown over movies/briefings (argc unknown - parser context). Call after the font registration it should use."
"00415890","Game_SetMission","void Game_SetMission(int mission)","Selects the mission the game will run/load next. Param: mission = mission index 1..14. Use before Level_Start/level load flow when jumping straight into a mission."
"00415950","Game_SetMusicVolume","void Game_SetMusicVolume(float volume)","Live-sets music volume through the profile real-value setter (fcn.004B8A50): retail body constructs 1.0f (0x3FF00000) and stores via fstp. Param: volume = float 0.0-1.0. Called by ingamemenu.qvm options sliders."
"004159B0","Game_SetSFXVolume","void Game_SetSFXVolume(float volume)","Live-sets sound-effects volume through the profile real-value setter (fcn.004B8A50), same 1.0f construction pattern. Param: volume = float 0.0-1.0. Called by ingamemenu.qvm options sliders."
"004174A0","MenuManager_RequestScreen","void MenuManager_RequestScreen(int screenId, int flags)","Requests a menu screen by id through the menu manager (queued request). Params: screenId = retail screen resource id, flags = request modifier (0 = normal). Use outside the menu stack internals when you just want a screen opened next tick."
"00417790","MenuManager_LeaveMenus","void MenuManager_LeaveMenus(int param1, int param2)","Leaves/closes the whole menu system returning to gameplay. Params: two ints observed in retail calls (pass 0,0). Use to exit from custom menus."
"00417810","MenuManager_SetLanguage","void MenuManager_SetLanguage(int langIndex)","Switches menu/UI language at runtime. Param: langIndex = language index matching the LANGUAGE\ folder tables. Call before pushing screens so texts load in the right language."
"00417690","MenuManager_PushScreen","void MenuManager_PushScreen(int screenId)","Pushes a screen onto the menu stack: allocates the screen object (objsize 0x2898) and stores it in the manager's screen stack at mgr+0x27EC (verified in igi.exe). Param: screenId = retail screen id. Remember to MenuManager_PopScreen when done."
"00417710","MenuManager_PopScreen","void MenuManager_PopScreen(int param)","Pops the top screen off the menu stack (destroys it) revealing the one beneath. Param: param = pass-through argument observed in retail calls (pass 0). Pair with MenuManager_PushScreen."
"00417880","MenuManager_ForceUpdateWindow","void MenuManager_ForceUpdateWindow(int param)","Forces the menu manager to redraw/update its windows this frame. Param: observed retail value 0. Use after changing control contents from script."
"00417900","MenuManager_ActivatePopupScreen","void MenuManager_ActivatePopupScreen(int popupId)","Activates a popup screen on top of the current menus (e.g. confirmation dialogs; retail scripts call MenuManager_ActivatePopupScreen(930)). Param: popupId = retail popup screen id. Use for custom confirmations."
"00417960","MenuManager_DeactivatePopuScreen","void MenuManager_DeactivatePopuScreen()","Deactivates the currently-active popup screen and returns to the screen beneath. Takes no args. Pair with MenuManager_ActivatePopupScreen. NOTE: name mirrors the retail registration string exactly, including its ""Popu"" typo - do not ""fix"" it against the binary."
"004179B0","MenuManager_SetEnabled","void MenuManager_SetEnabled(int enabled)","Enables/disables menu-manager input processing. Param: enabled = 1 menus react to input, 0 frozen. Use to freeze menus during scripted sequences."
"004231E0","ControlsMenu_ConvertFloatFromOffset","float ControlsMenu_ConvertFloatFromOffset(int offset)","Converts a controls-menu slider/storage OFFSET into its float value (0.0-1.0 range used by the control configuration bars). Param: offset = raw integer offset stored for that control binding. Use when reading/writing control bindings from script."
"00423240","ControlsMenu_ConvertOffsetFromFloat","int ControlsMenu_ConvertOffsetFromFloat(float value)","Inverse of ControlsMenu_ConvertFloatFromOffset: converts a float control value into the raw storage offset. Param: value = float 0.0-1.0. Use when saving a modified binding back."
"0044D0E0","AIAction_Patrol","void AIAction_Patrol(int target, int mustBeZero, int flags)","Orders the AI into PATROL behaviour. Params: target = patrol goal/node reference from your script, mustBeZero = retail template always passes 0, flags = AIACTIONFLAG enum: NONE=0, PUSHABLE=1 (action may be replaced by higher priority). Use inside AI event handlers e.g. AIEVENT_IDLE branch. Template in igi.exe: AIAction_Patrol(xxxx, 0, AIACTIONFLAG_NONE)."
"0044D160","AIAction_Combat","void AIAction_Combat(int param)","Orders the AI into COMBAT behaviour vs its current enemy. Param: param = combat argument from the calling script (retail guard scripts pass their combat target/context value). Use in AIEVENT_COMBAT branches."
"0044D260","AIAction_Dead","void AIAction_Dead(int param)","Runs the DEATH handling action for the AI (plays death, releases tasks). Param: param = death context value passed by retail scripts. Use in AIEVENT_DEAD handler."
"0044D2C0","AIAction_FallFlat","void AIAction_FallFlat(int param1, int param2)","Knocks the AI flat on the ground (ragdoll-ish fall, e.g. after explosion/surrender). Params: two ints observed in retail calls (pass 0,0 unless mapping specific values). Use for scripted knockdowns."
"0044D420","AIAction_Activate","void AIAction_Activate(int target, int param2, int flags)","Generic ACTIVATE action: sends the AI to activate/use an object (switch, door, alarm...). Params: target = object/task reference, param2 = secondary value (retail passes 0), flags = AIACTIONFLAG (NONE=0/PUSHABLE=1). Use in AI handlers for alarm/objective responses."
"0044D4A0","AIAction_WalkToNode","void AIAction_WalkToNode(int nodeId, int flags)","Walks the AI to a nav node. Params: nodeId = graph/node id from the level nav data, flags = AIACTIONFLAG (NONE=0/PUSHABLE=1). Use for calm movement in AI scripts."
"0044D510","AIAction_RunToNode","void AIAction_RunToNode(int nodeId, int flags)","Runs the AI to a nav node (fast). Same params as AIAction_WalkToNode: nodeId = node id, flags = AIACTIONFLAG (NONE=0/PUSHABLE=1)."
"0044D580","AIAction_FireAtNode","void AIAction_FireAtNode(int nodeId, int p1, int p2, int p3, int p4)","Makes the AI fire AT a nav-node position. Params: nodeId = target node id, remaining 4 args = firing stance/behaviour values observed in retail AI scripts (map before inventing values). Use in combat handlers when target is a position."
"0044D630","AIAction_FireAtTask","void AIAction_FireAtTask(int taskId, int p1, int p2, int p3, int p4)","Makes the AI fire AT a task/object entity. Params: taskId = target task/entity id, remaining 4 args = firing behaviour values (same layout family as FireAtNode). Use in combat handlers when target is an entity."
"0044D6E0","AIAction_PlayAnimation","void AIAction_PlayAnimation(int animationId, int flags)","Plays an animation on the AI. Params: animationId = animation entry id (see AIFunction_AddAnimationEntry), flags = AIACTIONFLAG (NONE=0/PUSHABLE=1)."
"0044D750","AIAction_PlaySound","void AIAction_PlaySound(int soundId, int param2, int flags)","Plays a sound from the AI (voice barks etc.). Params: soundId = sound/event id, param2 = observed 0 in retail, flags = AIACTIONFLAG (NONE=0/PUSHABLE=1)."
"0044D7D0","AIAction_MoveToEvent","void AIAction_MoveToEvent(int eventId, int flags)","Moves the AI toward the source position of an EVENT it received. Params: eventId = AIEVENT_* whose position to move to, flags = AIACTIONFLAG (NONE=0/PUSHABLE=1). Use in event handlers (gunshot heard -> move there)."
"0044D870","AIAction_LookAtEvent","void AIAction_LookAtEvent(int eventId, int flags)","Turns the AI to LOOK toward an event's source without moving. Params: eventId = AIEVENT_* value, flags = AIACTIONFLAG (NONE=0/PUSHABLE=1)."
"0044D8F0","AIAction_Stunned","void AIAction_Stunned(int param1, int flags)","Stuns the AI (flashbang/knockout reaction). Params: param1 = stun duration/context value, flags = AIACTIONFLAG (NONE=0/PUSHABLE=1)."
"0044D960","AIAction_KickGrenade","void AIAction_KickGrenade(int param)","Kicks a nearby live grenade away (retail soldier behaviour). Param: param = grenade/context reference from the event. Use in grenade-event handlers."
"0044DA00","AIAction_RunPanicking","void AIAction_RunPanicking(int param1, int flags)","Sends the AI into PANIC running (civilians under fire). Params: param1 = panic target/context, flags = AIACTIONFLAG (NONE=0/PUSHABLE=1)."
"0044DA80","AIAction_Idle","void AIAction_Idle(int param)","Puts the AI into IDLE (stands, resumes idle animation countdown). Param: idle context value (retail scripts pass their idle value). Use in AIEVENT_IDLE handler instead of Patrol for stationary guards."
"0044DAE0","AIAction_SetCombat","void AIAction_SetCombat(int enemyId)","Force-sets the AI's COMBAT ENEMY/target. Param: enemyId = enemy entity/id to engage. Use to make an AI attack a specific target regardless of detection."
"0044E060","AIFunction_DefaultHandler","void AIFunction_DefaultHandler()","The default AI event handler: call this for any AIEVENT_* your script does not handle explicitly (retail template shows it as the else-branch body). Takes no args. Put inside every event if-else chain as fallback."
"0044DBC0","AIFunction_RemoveAlarmActions","void AIFunction_RemoveAlarmActions()","Removes all queued ALARM-related actions from this AI (calms it down). Takes no args. Use to de-escalate an NPC you control."
"0044DC40","AIFunction_SetViewLength","void AIFunction_SetViewLength(int length)","Sets this AI's VIEW LENGTH - how far it can see. Param: length = view distance in engine units. Use in AI init (AIEVENT_CREATE) to buff/nerf vision."
"0044DCD0","AIFunction_SetAlarmViewLength","void AIFunction_SetAlarmViewLength(int length)","Sets view length WHILE AN ALARM IS ON (separate stat from normal vision). Param: length = distance in engine units. Use in AI init."
"0044DD30","AIFunction_SetViewAlpha","void AIFunction_SetViewAlpha(int alpha)","Sets view ALPHA - the detection speed/gain of normal vision. Param: alpha = engine detection factor. Higher = spots player faster. Use in AIEVENT_CREATE."
"0044DD90","AIFunction_SetViewGamma","void AIFunction_SetViewGamma(int gamma)","Sets view GAMMA - secondary vision shaping factor for detection. Param: gamma = engine factor. Use in AI init alongside SetViewAlpha."
"0044DDF0","AIFunction_SetSecondaryViewLength","void AIFunction_SetSecondaryViewLength(int length)","Sets SECONDARY view length (peripheral/short-range channel). Param: length = distance in engine units."
"0044DE80","AIFunction_SetSecondaryAlarmViewLength","void AIFunction_SetSecondaryAlarmViewLength(int length)","Sets secondary view length during alarms. Param: length = distance in engine units."
"0044DEE0","AIFunction_SetSecondaryViewAlpha","void AIFunction_SetSecondaryViewAlpha(int alpha)","Sets secondary-view detection gain. Param: alpha = engine factor."
"0044DF40","AIFunction_SetSecondaryViewGamma","void AIFunction_SetSecondaryViewGamma(int gamma)","Sets secondary-view gamma shaping factor. Param: gamma = engine factor."
"0044E0C0","AIFunction_SetEventPriority","void AIFunction_SetEventPriority(int priority)","Sets the priority of the CURRENT event being handled (decides which queued event wins). Param: priority = engine priority number. Use inside an event handler."
"0044E150","AIFunction_SetInvulnerability","void AIFunction_SetInvulnerability(int onOff)","Makes this AI invulnerable. Param: onOff = 1 immune to damage, 0 normal. Great for boss/scripted NPCs. Use in AIEVENT_CREATE or anytime."
"0044E1B0","AIFunction_SetInstantDeath","void AIFunction_SetInstantDeath(int onOff)","When on, any hit instantly kills this AI (no damage pooling). Param: onOff = 1 one-shot kills, 0 normal health. Use for scripted one-shot enemies."
"0044E210","AIFunction_SetDeathAnimation","void AIFunction_SetDeathAnimation(int animId)","Overrides the death animation played when this AI dies. Param: animId = animation entry id. Use in AI init for custom deaths."
"0044E270","AIFunction_SetAlarmTriggerID","void AIFunction_SetAlarmTriggerID(int id)","Binds an ALARM trigger object to this AI (which alarm switch it responds to/runs to). Param: id = alarm trigger id from the level. Retail template: AIFunction_SetAlarmTriggerID(xx)."
"0044E2D0","AIFunction_SetAlarmControlID","void AIFunction_SetAlarmControlID(int id)","Binds the ALARM CONTROL (the raised-alarm device) this AI uses. Param: id = alarm control id from the level. Retail template: AIFunction_SetAlarmControlID(xx)."
"0044E330","AIFunction_SetAlarmAccess","void AIFunction_SetAlarmAccess(int access)","Sets HOW the AI treats the alarm route. Param: access = AIALARMACCESS enum: BEFORECOMBAT=0 (run for the alarm first), AFTERCOMBAT=1 (fight first, raise alarm after). Retail template: AIFunction_SetAlarmAccess(AIALARMACCESS_BEFORECOMBAT)."
"0044E390","AIFunction_SetGunnerID","void AIFunction_SetGunnerID(int gunnerId)","Assigns which mounted-gunner slot this AI mans. Param: gunnerId = gunner position id. Use in AI init for turret/mounted-gun NPCs."
"0044E6D0","AIFunction_SetScriptIntegerValue","void AIFunction_SetScriptIntegerValue(int varId, int value)","Writes an AI-script integer variable. Params: varId = script variable index, value = new integer. Use for custom AI state communication between scripts."
"0044E790","AIFunction_SetScriptRealValue","void AIFunction_SetScriptRealValue(int varId, float value)","Writes an AI-script real (float) variable. Params: varId = script variable index, value = float. Pairs with AIFunction_GetScriptRealValue."
"0044EAF0","AIFunction_SetAnimationInterval","void AIFunction_SetAnimationInterval(int entryIndex, int interval)","Sets playback INTERVAL for an animation entry. Params: entryIndex = animation entry added via AddAnimationEntry, interval = frame/tick interval. Use when tuning scripted animations."
"0044EBB0","AIFunction_AddAnimationEntry","void AIFunction_AddAnimationEntry(int animationId, int data)","Adds an animation ENTRY to this AI's available set (builds the pick-list GetAnimationToPlay draws from). Params: animationId = animation resource id, data = entry config value. Use in AIEVENT_CREATE before playing custom animations."
"0044EE40","AIFunction_SendResponse","void AIFunction_SendResponse()","Sends the AI's RESPONSE to the current event (used for ALERT_RESPONSE chains so buddy AIs react too). Takes no args. Call inside alert handlers."
"0047CAD0","Define_AmmoType","void Define_AmmoType(...)","Defines an AMMO TYPE inside an ammo definition block of a .qsc/.cfg script (515-byte parser body; igi.exe embeds str 'DefineAmmoType'). Args follow the Define-ammo grammar (name, damage, range, clip...) - not fully mapped, treat as parser-internal. Do NOT call outside its define block."
"00484F60","Define_Mission","void Define_Mission(...)","Defines a MISSION entry during mission-list parsing (480-byte parser). Called by the engine's mission definition grammar; do NOT call from gameplay scripts."
"00488E00","LevelFlow_GetBreakCutSceneKey","int LevelFlow_GetBreakCutSceneKey()","RETURNS the key code currently bound to 'skip/break cutscene'. Takes no args. Use in cutscene player loops to detect the skip key press."
"00488E50","LevelFlow_LevelFailed","void LevelFlow_LevelFailed()","Signals that the level FAILED - triggers the retail failure flow (fail sound, restart/quit menu). Takes no args. Call when your scripted objective fails."
"00488E90","LevelFlow_IsCountryUSA","int LevelFlow_IsCountryUSA()","RETURNS 1 if the running build is a USA country build, 0 otherwise (affects censorship/content paths like blood). Takes no args. Check before enabling content that country builds gate."
"004B8C60","Script_SetWarningLevel","void Script_SetWarningLevel(int level)","Sets how loudly the script system reports warnings while parsing/running (igi.exe embeds its name WITH leading underscore: '_Script_SetWarningLevel'). Param: level = warning verbosity threshold. Use at the top of scripts you want silenced or extra-chatty."
"004B8C10","Break_Script","void Break_Script()","Breaks/aborts the currently-executing script at this point (70-byte function). Takes no args. Use as an early-exit inside .qsc scripts."
"004C4520","Define_MagicObj","void Define_MagicObj(...)","Defines a MAGIC OBJECT type during magicobj definition parsing (pairs with the MAGICOBJ\ folder data). Parser-context only."
"004C6760","Create_TerrainTileMap","void Create_TerrainTileMap(...)","Creates the TERRAIN TILE MAP for a level during level load (113-byte function). Engine-internal: called by the terrain loader, not meant for gameplay scripts."
"004EBA90","Define_Group","void Define_Group(...)","Defines a GROUP entry (sound-group/entity grouping) during definition parsing. Parser-context only."
"004E8C60","Define_Sound","void Define_Sound(...)","Defines a SOUND entry (file + attenuation params) inside sound definition blocks - OpenIGI reimplements it as SoundDefinitionRegistry.Define(SoundDefinitionKind.Sound). Call only from sound .qsc define blocks."
"004EAD20","Define_Graph","void Define_Graph(...)","Defines a GRAPH (sound/graph transition graph) entry inside definition blocks - OpenIGI maps it to SoundDefinitionKind.Graph. Parser-context only."
"004E9EC0","Define_TriggerOnce","void Define_TriggerOnce(...)","Defines a fire-once TRIGGER entry inside definition blocks - OpenIGI maps it to SoundDefinitionKind.TriggerOnce. Parser-context only."
"004F0780","Task_New","void Task_New(...)","Instantiates a new game task from a declared type (731-byte factory; OpenIGI registers Task_New reading the type name then declared params). Call inside task blocks after Task_DeclareParameters; argc unknown (parser context)."
"004F0740","Task_DeclareParameters","void Task_DeclareParameters(...)","Declares the parameter list of the task currently being defined inside a .qsc task block (OpenIGI TaskScriptCommands implements it reading a type name + parameter names). Call as FIRST statement of a task definition; argc unknown (parser context)."
"0044E3F0","AIFunction_GetAlarmTriggerID","int AIFunction_GetAlarmTriggerID()","RETURNS the id of the alarm trigger bound to this AI (see AIFunction_SetAlarmTriggerID). Takes no args. Use in handlers to check which alarm applies."
"0044E430","AIFunction_GetAlarmControlID","int AIFunction_GetAlarmControlID()","RETURNS the bound alarm-control id. Takes no args."
"0044E470","AIFunction_GetAlarmAccess","int AIFunction_GetAlarmAccess()","RETURNS the current AIALARMACCESS mode: BEFORECOMBAT=0, AFTERCOMBAT=1. Takes no args."
"0044E4B0","AIFunction_GetGunnerID","int AIFunction_GetGunnerID()","RETURNS this AI's assigned gunner slot id. Takes no args."
"0044E4F0","AIFunction_GetAlarmControlStatus","int AIFunction_GetAlarmControlStatus()","RETURNS the status/state of the bound alarm control (raised/used state as tracked by the engine). Takes no args."
"0044E5E0","AIFunction_GetGunnerStatus","int AIFunction_GetGunnerStatus()","RETURNS the status of this AI's gunner post (manned/state value). Takes no args."
"0044E740","AIFunction_GetScriptIntegerValue","int AIFunction_GetScriptIntegerValue(int varId)","READS an AI-script integer variable written by AIFunction_SetScriptIntegerValue. Param: varId = variable index. RETURNS the integer."
"0044DFA0","AIFunction_GetCurrentEventType","int AIFunction_GetCurrentEventType()","RETURNS the AIEVENT_* value currently being handled - the backbone of every AI script's if/else chain. Enum: CREATE=0, DELETE=1, DEAD=2, ANIMATION=3, IDLE=4, ALERT=5, ALERT_RESPONSE=6, COMBAT=7, ALARMON=8, ALARMOFF=9, WALK=10, GROUNDIMPACT=11, DOOR=12, FENCE=13, LADDER=14, TAKINGDAMAGE=15, GUNSHOT=16, GRENADETHROWN=17, GRENADELAND=18, FLASHBANG=19, GUNSHOTMISS=20, EXPLOSION=21, ENEMYDETECTION=22, FRIENDLYDETECTION=23. Takes no args."
"0044E860","AIFunction_IsEventBehind","int AIFunction_IsEventBehind()","RETURNS non-zero if the current event came from BEHIND the AI (direction test used for reaction animations). Takes no script args per retail table (engine reads an internal slot via ebp+8). Use in alert/detection handlers."
"0044ECB0","AIFunction_GetAnimationToPlay","int AIFunction_GetAnimationToPlay()","RETURNS which animation entry the engine decided to play for the current event/action (useful to log or override reactions). Per retail table takes no script args; machine code also touches an [ebp+8] slot (internal context)."
"004048B0","Config_GraphicOptionsSetGamma","void Config_GraphicOptionsSetGamma(float gamma)","Sets and immediately applies gamma to the active profile (also feeds the live lighting math through the profile record +0x220). Param: gamma = float (retail default 1.0). Use in video-options screen script or your own gamma slider."
"0044E800","AIFunction_GetScriptRealValue","float AIFunction_GetScriptRealValue(int varId)","READS an AI-script real (float) variable. Param: varId = variable index. RETURNS the float."
"0044E000","AIFunction_GetRandomValue","float AIFunction_GetRandomValue(float max)","RETURNS a random value below 'max' (returns Real per retail table). Param: max = upper bound. Use for randomized behaviour delays/targets in AI scripts."
"0044E930","AIFunction_GetEventDistance","float AIFunction_GetEventDistance()","RETURNS the DISTANCE to the source of the current event (Real). Takes no args. Use inside event handlers e.g. 'if gunshot closer than X then investigate'."
"0044E9B0","AIFunction_GetAlarmTriggerDistance","float AIFunction_GetAlarmTriggerDistance()","RETURNS the distance between this AI and its bound ALARM TRIGGER (Real). Takes no args. Use to decide running vs fighting for the alarm."
"0048F1A0","App_ContextSetDebugged","void App_ContextSetDebugged(int8_t state)","Sets the app-level DEBUGGED flag (global 0x5C8BF8). Param: state = 1 mark debugger attached/debug mode, 0 clear. BlankName's IGIPatch calls this by name. Use to toggle engine debug paths."
"0048F1E0","App_ContextSetDebugtextState","void App_ContextSetDebugtextState(int8_t state)","Toggles on-screen DEBUG TEXT output (global 0x5C8BF4). Param: state = 1 show engine debug text, 0 hide. Handy while reverse-engineering other systems."
"0048F240","App_ContextSetLightmapsUsed","void App_ContextSetLightmapsUsed(int8_t used)","Enables/disables OBJECT lightmaps globally (global 0x5C8BE4) - the verified retail lightmap setter. Param: used = 1 use object lightmaps, 0 flat-lit. Use for graphics enhancers (this is what IGIPatch's lightmap toggles call)."
"0048F260","App_ContextSetTerrainLightmapsUsed","void App_ContextSetTerrainLightmapsUsed(int8_t used)","Enables/disables TERRAIN lightmaps globally (global 0x5C8BE8). Param: used = 1 lit terrain, 0 unlit. Pair with AppContext_SetLightmapsUsed for full lighting control."
"00404590","Config_GetActiveGraphicOptions","void* Config_GetActiveGraphicOptions()","Returns a pointer to the ACTIVE PROFILE's graphic-options record inside the global config array. The record base is 0xBC2394 + 0xD14 * activeProfileIndex (verified in igi.exe). Useful for reading/writing raw graphic fields directly (gamma sits at record+0x220)."
"00491CF0","Display_GetActiveMode","void* Display_GetActiveMode()","RETURNS pointer to the ACTIVE display-mode struct (global 0xC28B40): width/height/depth fields live at +0x4/+0x8/+0x10 per Display_SetMode comparisons. Takes no args. Read current resolution from here."
"00491E70","Display_SetBackgroundColourFn","void Display_SetBackgroundColourFn(int8_t r, int8_t g, int8_t b)","Sets the 3D-view BACKGROUND COLOUR (clear colour) - masks each arg to a byte into globals 0xBCADF0/R,G,B. Params: r,g,b = 0-255 colour channels. Use for custom sky/clear colour effects."
"00491A90","Display_SetMode","int Display_SetMode(void* modeStruct)","Switches the DISPLAY MODE at runtime: validates mode fields vs current (0xC28B44...), repositions/resizes the window (GetSystemMetrics), copies the mode into the active-mode struct. Param: modeStruct = pointer to a display-mode struct (same layout Display_GetActiveMode returns). RETURNS 0 on failure, non-zero on success."
"004B6E80","Picture_GetHeight","int Picture_GetHeight(void* picture)","RETURNS the HEIGHT in pixels of a loaded picture/surface. Param: picture = picture pointer. Thin thunk to fcn.004B7E00."
"004B6E70","Picture_GetWidth","int Picture_GetWidth(void* picture)","RETURNS the WIDTH in pixels of a loaded picture/surface. Param: picture = pointer from a picture-load call. Thin thunk to fcn.004B7DF0 (byte-verified)."
"004B53B0","Qsprite_Register4Az","void Qsprite_Register4Az(/*14 args*/)","Registers a QUAD-SPRITE with full transform data: 14 args, float parameters scaled by constant 0x534AB0, writes sprite tables 0xA84A50/0xA84A58 (verified). Low-level renderer API - map arg layout from callers before use."
"00497E70","Transcontext_SetActiveTransContext","void Transcontext_SetActiveTransContext(void* ctx)","Installs a TRANSFORM CONTEXT as active: copies 0x2A dwords from ctx into global 0xBCAAE0 and bumps state counters at 0x6E5BB0/B4. Param: ctx = transform-context struct (IGIPatch uses this around custom rendering). Use when injecting your own render passes."
"004B0D40","QHash_ValueSet","void QHash_ValueSet(int* table, char* key, int value)","Sets a value in a QHash hash-table (8-byte thunk into the hash engine at 0x4B0D90 family). Pass the table ptr, key string and integer value. Restored after accidental loss during batch rewrite - address pass1-verified."
"004B0DB0","QHash_ValueGet","int QHash_ValueGet(int* table, char* key)","Gets a value from a QHash hash-table (6-byte getter thunk). Pass table ptr + key string, RETURNS the stored integer. Restored after accidental loss - address pass1-verified."
"00415020","DEBUG_KEYSENABLEINVALID","void DEBUG_KEYSENABLEINVALID()","TOMBSTONE - DO NOT INVOKE. The retail debug-keys native address is UNKNOWN. The old value 0x0041502 lies outside .text (0x401000-0x532510) and would crash on invoke; no verified replacement found in igi.exe (unknown > fabricated per RE.md). This entry exists only so JSON consumers see the warning instead of silently missing the key."
"004B1AC0","QScript_Cleanup","void QScript_Cleanup(int* script)","Cleans up/frees a parsed .qsc script structure (pass1: 5 calls, valid exit). Param: script = pointer to the loaded script object. Call when done with a script loaded via the Qvm/Qsc loaders to release its memory."
"004828D0","Human_FindNextCamera","void Human_FindNextCamera(void* human)","Debug camera cycler: advances to the next camera/view target attached to the human player (decompiled body polls input keys). Param: human = human-player pointer. Pass1-verified function start; restored - it existed only in the Natives.hpp enum and was never serialized to JSON."
"004F4B00","CutScene_TaskCreate","void* CutScene_TaskCreate(void)","CREATES the CutScene task during level load: allocates 632-byte ""CutScene"" object via class factory 0x401900, attaches vtable 0x4F4EE0 + update cb 0x4F51D0, registers TASKTYPE_CUTSCENE (@0x4F4EB8). TO DELETE CUTSCENES: early-return from this function so no CutScene task is ever instantiated - flow continues without them. Verified: prologue sub esp,0x278; string refs ""1721_01_1"",""CutScene""; corroborated by IGI-MP plugin."
"004F51D0","CutScene_TaskUpdate","int CutScene_TaskUpdate(void* cutsceneTask)","Per-frame UPDATE of the running CutScene task. Alternative cutscene-kill point: force an immediate completion return here and any created cutscene ends on frame one. Verified: referenced as update cb inside CutScene_TaskCreate 0x4F4B00."
"004109A0","Human_RunUpdate","void Human_RunUpdate(void* human)","Main HUMAN PLAYER RUN/MOVEMENT UPDATE - large handler; reads human struct field +0x2EC (lea edi,[esi+0x2ec], matching the documented param-ptr slot) and drives movement state. Hooked by IGI-MP as HumanPlayer_RunUpdate."
"00412440","Human_DamageApply","void Human_DamageApply(void* human)","Applies DAMAGE/knockback to the human player: reads enable flag byte +0xCF6 and patrol sub-struct +0x254 of the human struct. IGI-MP disables bullet knockback here. Prologue-verified."
"00478900","Weapon_FireUpdate","void Weapon_FireUpdate(void* weaponCtx, int* state)","Weapon FIRE update - processes firing state using config byte 0x5407B9 and weapon-table entry ([ctx+0x14] -> +0x1C). Param state is read, passed by address to the selected weapon callback, and used to update weaponCtx+0xEC. Ghidra and r2 agree on two cdecl stack arguments; the registration site pushes this callback before the following registrar call."
"004779E0","Weapon_FlameUpdate","void Weapon_FlameUpdate(void* weaponCtx, int* state)","FLAME-weapon effect update: resolves effect object via [ctx+0x14]+0x20 then updates through 0x477C10. Param state is read, passed by address to the selected effect callback, and used to update weaponCtx+0xEC. Ghidra and r2 agree on two cdecl stack arguments."
"00479990","Weapon_ReloadStart","void Weapon_ReloadStart(void* soldierCtx)","Starts weapon RELOAD: uses soldier object ref +0x4C4 with spawner 0x4F2060 (arg 0x4C3). IGI-MP hooks this as reloadhook."
"00477040","Throwable_Create","void Throwable_Create(void)","Creates a GRENADE/THROWABLE projectile: checks+registers it in the hash table via QHash_ValueGet(0x4B0DB0)/QHash_ValueSet(0x4B0D40). IGI-MP hooks for network throwable sync."
"00476040","Mine_ProximityCreate","void Mine_ProximityCreate(void)","Creates a PROXIMITY MINE entity: initializes hash state via QHash_Init(0x4B0D60), reads mine id word 0x5BE3A0. IGI-MP hooks for network mine sync."
"004D9870","Camera_SubmitFrame","void Camera_SubmitFrame(void* camCtx)","Submits/presents the camera frame: increments frame counters at camCtx+0x50 against limit at +0x4C. IGI-MP hooks this as Camera_Submit for the lobby camera."
"00402870","Frames_Get","int Frames_Get(void)","Returns the configured game frame limit from the global context field +0x3C written by Frames_Set. Menu_Manager stores this value as its frame-rate limit."
"00402880","Game_GetContext","void* Game_GetContext(void)","Returns the global IGI game-context pointer at DAT_00567C8C. Retail callers use it to dispatch context callbacks and initialize the main game state."
"00402890","Game_GetScriptContext","void* Game_GetScriptContext(void)","Returns *(void**)(Game_GetContext()+0x20), the script/task context initialized during game setup. Level_Start passes it through the script-data wrapper; the main-menu path pushes its return value as Menu_Manager's first argument."
"004028A0","Flow_SetState","void Flow_SetState(int stateId)","Stores a pending flow state in game-context field +0x2C. The main loop consumes it, copies it to +0x28, clears the pending field, and dispatches state IDs 1 through 8. Flow_RequestEvent reaches this setter after converting its event ID."
"004028B0","Frames_GetUpdateCounter","int Frames_GetUpdateCounter(void)","Returns the update-loop counter at game-context field +0x34. Frames_Set resets it and the retail main loop increments it once per simulation/update pass; gameplay timeout code compares against this value."
"004028C0","Frames_GetTaskCounter","int Frames_GetTaskCounter(void)","Returns the second task/processing counter at game-context field +0x38. Frames_Set resets it and the retail main loop increments it during the second processing pass."
"004028D0","Game_TimingBegin","void Game_TimingBegin(void)","Begins a nested timing interval: starts the retail timer when the timing depth is zero, then increments the depth counter. Level_Start and Game_Restart bracket their load work with this helper and Game_TimingEnd."
"004028F0","Game_TimingEnd","void Game_TimingEnd(void)","Ends a nested timing interval: decrements the depth counter and, at zero, adds elapsed timer ticks to game-context field +0x50 and clears the interval start timestamp."
"004D97F0","Qtask_SetCallbackData","void Qtask_SetCallbackData(void* task, unsigned int callbackData)","Stores the raw 32-bit callback payload at task+0x48. Qtask_UpdateList (0x004D27F0) retrieves this field and passes it as the second argument to each registered per-task-type callback. Ghidra/r2: exact 0x004D97F0-0x004D97FB boundary, 1 basic block, 0 CFG edges, cdecl 2-argument store."
"004D9800","Qtask_GetCallbackData","unsigned int Qtask_GetCallbackData(void* task)","Returns the raw 32-bit callback payload from task+0x48. Qtask_UpdateList (0x004D27F0) calls it immediately before invoking both callback tables. Ghidra/r2: exact 0x004D9800-0x004D9807 boundary, 1 basic block, 0 CFG edges, cdecl 1-argument load."
"004D9810","Qtask_Initialize","void Qtask_Initialize(void)","Initializes the Qtask runtime: allocates an event slot through FUN_004017C0(0), creates the 0x100-entry Qtask list through FUN_004C1800(0x100), and stores the event/list globals at 0x00548644 and 0x00A54690. Called by the subsystem startup at 0x00531DD0. Ghidra/r2: exact boundary, 1 basic block, 0 CFG edges, cdecl no-argument function."
"004D9830","Qtask_Shutdown","void Qtask_Shutdown(void)","Shuts down the Qtask runtime: releases the event slot at 0x00548644 through FUN_004018C0 and releases the list at 0x00A54690 through FUN_004C1830. Called by the subsystem shutdown at 0x00531DF0. Ghidra/r2: exact boundary, 1 basic block, 0 CFG edges, cdecl no-argument function."
"004D9850","Qtask_GetEventId","unsigned char Qtask_GetEventId(void)","Returns the Qtask event-slot byte stored at 0x00548644. The result selects the first dimension of the task callback table at 0x00A96AE0. Ghidra/r2: exact 0x004D9850-0x004D9855 boundary, 1 basic block, 0 CFG edges, cdecl no-argument byte getter. At the Gun/GunFlame registration sites, any callback pushed before this call belongs to the following FUN_00401400 registrar call; it is not an argument to this getter."
"004D9860","Qtask_GetList","void* Qtask_GetList(void)","Returns the Qtask list allocated by Qtask_Initialize at 0x00A54690. Retail callers read the first dword as the current count and walk entries from list+0x08, using each entry's +0x1C task-type field. Ghidra/r2: exact 0x004D9860-0x004D9865 boundary, 1 basic block, 0 CFG edges, cdecl no-argument pointer getter."
"004D9950","Camera_ResetFrameCounters","void Camera_ResetFrameCounters(void* camCtx)","Resets the camera frame-selection fields camCtx+0x4C to -1 and camCtx+0x50 to 0. Camera_SubmitFrame (0x004D9870) increments and consumes these same fields; Level_Start calls this reset on the global camera context. Ghidra/r2: exact boundary, 1 basic block, 0 CFG edges, cdecl 1-argument store."
"004D9A00","MagicObj_Initialize","void MagicObj_Initialize(void)","Initializes the MagicObj task subsystem. The function contains the retail strings MagicObj and TASKTYPE_MAGICOBJ, creates the 0x138-byte type, allocates its task/event IDs, registers update/delete/render handlers, and calls TaskType_Set. Ghidra/r2: exact boundary, 1 basic block, 0 CFG edges, cdecl no-argument function."
"004D9F60","MagicObj_Shutdown","void MagicObj_Shutdown(void)","Shuts down MagicObj: releases the registered type ID and both event slots allocated by MagicObj_Initialize, then restores their sentinel values. Called by the matching subsystem teardown at 0x005315B0. Ghidra/r2: exact boundary, 1 basic block, 0 CFG edges, cdecl no-argument function."
"004D9FA0","MagicObj_GetTypeId","unsigned short MagicObj_GetTypeId(void)","Returns the 16-bit MagicObj task-type ID stored at 0x00548648, allocated by MagicObj_Initialize and reset by MagicObj_Shutdown. Ghidra/r2: exact boundary, 1 basic block, 0 CFG edges, cdecl no-argument getter."
"004D9FB0","MagicObj_GetEventId","unsigned char MagicObj_GetEventId(void)","Returns the MagicObj event-slot byte stored at 0x0054864A, allocated by MagicObj_Initialize and released by MagicObj_Shutdown. Ghidra/r2: exact boundary, 1 basic block, 0 CFG edges, cdecl no-argument getter."
